<?xml version="1.0" encoding="UTF-8"?>
<project-private xmlns="http://www.netbeans.org/ns/project-private/1">
    <editor-bookmarks xmlns="http://www.netbeans.org/ns/editor-bookmarks/2" lastBookmarkId="0"/>
    <open-files xmlns="http://www.netbeans.org/ns/projectui-open-files/2">
        <group>
            <file>file:/C:/Users/John/OneDrive/Escritorio/Carrotech_V7%20(2)/Carrotech_V7/src/Vista/JFrRegistrarEmpleados.java</file>
            <file>file:/C:/Users/John/OneDrive/Escritorio/Carrotech_V7%20(2)/Carrotech_V7/src/Vista/JFrAdmin.java</file>
            <file>file:/C:/Users/John/OneDrive/Escritorio/Carrotech_V7%20(2)/Carrotech_V7/src/Vista/JFrJefePatio.java</file>
            <file>file:/C:/Users/John/OneDrive/Escritorio/Carrotech_V7%20(2)/Carrotech_V7/src/Vista/JFrRegistrarAlquiler.java</file>
            <file>file:/C:/Users/John/OneDrive/Escritorio/Carrotech_V7%20(2)/Carrotech_V7/src/Vista/JFrVehiculosSecretaria.java</file>
            <file>file:/C:/Users/John/OneDrive/Escritorio/Carrotech_V7%20(2)/Carrotech_V7/src/Vista/JFrVehiculosJefePatios.java</file>
            <file>file:/C:/Users/John/OneDrive/Escritorio/Carrotech_V7%20(2)/Carrotech_V7/src/Vista/JFrSecretaria.java</file>
        </group>
    </open-files>
</project-private>
